Project,Sha,Timestamp,Build Result,Total Time,Num of Test detected,Tests Detected,cleanerCounts
commons-codec,9e0ae7e70108627aebec2306171055b60e788dcb,342d71bdcc1e18e869a72cebed19e0eaeedc230b,BUILD SUCCESS,14:59,58,"['org.apache.commons.codec.net.RFC1522CodecTest#CroissantMutant_OD_FPD_victim()', 'org.apache.commons.codec.DecoderExceptionTest#CroissantMutant_OD_FPD_victim()', 'org.apache.commons.codec.language.bm.RuleTest#CroissantMutant_OD_FPD_victim()', 'org.apache.commons.codec.digest.Sha256CryptTest#CroissantMutant_OD_FPD_victim()', 'org.apache.commons.codec.binary.Base64Codec13Test#CroissantMutant_OD_FPD_victim()', 'org.apache.commons.codec.language.RefinedSoundexTest#CroissantMutant_OD_FPD_victim()', 'org.apache.commons.codec.binary.Base32OutputStreamTest#CroissantMutant_OD_FPD_victim()', 'org.apache.commons.codec.language.SoundexTest#CroissantMutant_OD_FPD_victim()', 'org.apache.commons.codec.binary.Base16Test#CroissantMutant_OD_FPD_victim()', 'org.apache.commons.codec.net.PercentCodecTest#CroissantMutant_OD_FPD_victim()', 'org.apache.commons.codec.binary.Base32Test#CroissantMutant_OD_FPD_victim()', 'org.apache.commons.codec.language.MetaphoneTest#CroissantMutant_OD_FPD_victim()', 'org.apache.commons.codec.digest.CryptTest#CroissantMutant_OD_FPD_victim()', 'org.apache.commons.codec.net.URLCodecTest#CroissantMutant_OD_FPD_victim()', 'org.apache.commons.codec.language.Caverphone2Test#CroissantMutant_OD_FPD_victim()', 'org.apache.commons.codec.digest.DigestUtilsTest#CroissantMutant_OD_FPD_victim()', 'org.apache.commons.codec.language.DoubleMetaphone2Test#CroissantMutant_OD_FPD_victim()', 'org.apache.commons.codec.digest.UnixCryptTest#CroissantMutant_OD_FPD_victim()', 'org.apache.commons.codec.binary.BinaryCodecTest#CroissantMutant_OD_FPD_victim()', 'org.apache.commons.codec.binary.HexTest#CroissantMutant_OD_FPD_victim()', 'org.apache.commons.codec.cli.DigestTest#CroissantMutant_OD_FPD_victim()', 'org.apache.commons.codec.language.bm.BeiderMorseEncoderTest#CroissantMutant_OD_FPD_victim()', 'org.apache.commons.codec.binary.Base16OutputStreamTest#CroissantMutant_OD_FPD_victim()', 'org.apache.commons.codec.binary.CharSequenceUtilsTest#CroissantMutant_OD_FPD_victim()', 'org.apache.commons.codec.StringEncoderComparatorTest#CroissantMutant_OD_FPD_victim()', 'org.apache.commons.codec.digest.Md5CryptTest#CroissantMutant_OD_FPD_victim()', 'org.apache.commons.codec.CharsetsTest#CroissantMutant_OD_FPD_victim()', 'org.apache.commons.codec.language.ColognePhoneticTest#CroissantMutant_OD_FPD_victim()', 'org.apache.commons.codec.binary.Base64Test#CroissantMutant_OD_FPD_victim()', 'org.apache.commons.codec.binary.BaseNCodecTest#CroissantMutant_OD_FPD_victim()', 'org.apache.commons.codec.language.DaitchMokotoffSoundexTest#CroissantMutant_OD_FPD_victim()', 'org.apache.commons.codec.digest.B64Test#CroissantMutant_OD_FPD_victim()', 'org.apache.commons.codec.digest.MurmurHash3Test#CroissantMutant_OD_FPD_victim()', 'org.apache.commons.codec.digest.MurmurHash2Test#CroissantMutant_OD_FPD_victim()', 'org.apache.commons.codec.language.Caverphone1Test#CroissantMutant_OD_FPD_victim()', 'org.apache.commons.codec.binary.Base16InputStreamTest#CroissantMutant_OD_FPD_victim()', 'org.apache.commons.codec.net.QCodecTest#CroissantMutant_OD_FPD_victim()', 'org.apache.commons.codec.language.bm.PhoneticEngineRegressionTest#CroissantMutant_OD_FPD_victim()', 'org.apache.commons.codec.digest.Sha2CryptTest#CroissantMutant_OD_FPD_victim()', 'org.apache.commons.codec.binary.AllocateDirectHexTest#CroissantMutant_OD_FPD_victim()', 'org.apache.commons.codec.net.UtilsTest#CroissantMutant_OD_FPD_victim()', 'org.apache.commons.codec.net.BCodecTest#CroissantMutant_OD_FPD_victim()', 'org.apache.commons.codec.digest.PureJavaCrc32CTest#CroissantMutant_OD_FPD_victim()', 'org.apache.commons.codec.binary.Base32InputStreamTest#CroissantMutant_OD_FPD_victim()', 'org.apache.commons.codec.language.DoubleMetaphoneTest#CroissantMutant_OD_FPD_victim()', 'org.apache.commons.codec.digest.HmacUtilsTest#CroissantMutant_OD_FPD_victim()', 'org.apache.commons.codec.digest.Sha512CryptTest#CroissantMutant_OD_FPD_victim()', 'org.apache.commons.codec.digest.PureJavaCrc32Test#CroissantMutant_OD_FPD_victim()', 'org.apache.commons.codec.binary.Base64OutputStreamTest#CroissantMutant_OD_FPD_victim()', 'org.apache.commons.codec.language.NysiisTest#CroissantMutant_OD_FPD_victim()', 'org.apache.commons.codec.EncoderExceptionTest#CroissantMutant_OD_FPD_victim()', 'org.apache.commons.codec.net.QuotedPrintableCodecTest#CroissantMutant_OD_FPD_victim()', 'org.apache.commons.codec.CharEncodingTest#CroissantMutant_OD_FPD_victim()', 'org.apache.commons.codec.digest.Apr1CryptTest#CroissantMutant_OD_FPD_victim()', 'org.apache.commons.codec.digest.Blake3Test#CroissantMutant_OD_FPD_victim()', 'org.apache.commons.codec.language.MatchRatingApproachEncoderTest#CroissantMutant_OD_FPD_victim()', 'org.apache.commons.codec.binary.StringUtilsTest#CroissantMutant_OD_FPD_victim()', 'org.apache.commons.codec.digest.XXHash32OverflowTest#CroissantMutant_OD_FPD_victim()']",0
commons-codec,9e0ae7e70108627aebec2306171055b60e788dcb,342d71bdcc1e18e869a72cebed19e0eaeedc230b,BUILD SUCCESS,15:41,26,"['org.apache.commons.codec.binary.Base32OutputStreamTest#CroissantMutant_OD_FPD_victim()', 'org.apache.commons.codec.binary.Base16Test#CroissantMutant_OD_FPD_victim()', 'org.apache.commons.codec.net.URLCodecTest#CroissantMutant_OD_FPD_victim()', 'org.apache.commons.codec.binary.HexTest#CroissantMutant_OD_FPD_victim()', 'org.apache.commons.codec.cli.DigestTest#CroissantMutant_OD_FPD_victim()', 'org.apache.commons.codec.StringEncoderComparatorTest#CroissantMutant_OD_FPD_victim()', 'org.apache.commons.codec.digest.Md5CryptTest#CroissantMutant_OD_FPD_victim()', 'org.apache.commons.codec.CharsetsTest#CroissantMutant_OD_FPD_victim()', 'org.apache.commons.codec.language.Caverphone1Test#CroissantMutant_OD_FPD_victim()', 'org.apache.commons.codec.binary.Base16InputStreamTest#CroissantMutant_OD_FPD_victim()', 'org.apache.commons.codec.digest.Sha2CryptTest#CroissantMutant_OD_FPD_victim()', 'org.apache.commons.codec.language.bm.BeiderMorseEncoderTest#CroissantMutant_OD_FPD_victim()', 'org.apache.commons.codec.binary.CharSequenceUtilsTest#CroissantMutant_OD_FPD_victim()', 'org.apache.commons.codec.net.UtilsTest#CroissantMutant_OD_FPD_victim()', 'org.apache.commons.codec.language.DoubleMetaphone2Test#CroissantMutant_OD_FPD_victim()', 'org.apache.commons.codec.digest.PureJavaCrc32Test#CroissantMutant_OD_FPD_victim()', 'org.apache.commons.codec.binary.Base16OutputStreamTest#CroissantMutant_OD_FPD_victim()', 'org.apache.commons.codec.language.NysiisTest#CroissantMutant_OD_FPD_victim()', 'org.apache.commons.codec.EncoderExceptionTest#CroissantMutant_OD_FPD_victim()', 'org.apache.commons.codec.language.ColognePhoneticTest#CroissantMutant_OD_FPD_victim()', 'org.apache.commons.codec.digest.B64Test#CroissantMutant_OD_FPD_victim()', 'org.apache.commons.codec.digest.MurmurHash3Test#CroissantMutant_OD_FPD_victim()', 'org.apache.commons.codec.digest.Blake3Test#CroissantMutant_OD_FPD_victim()', 'org.apache.commons.codec.CharEncodingTest#CroissantMutant_OD_FPD_victim()', 'org.apache.commons.codec.digest.Sha512CryptTest#CroissantMutant_OD_FPD_victim()', 'org.apache.commons.codec.binary.AllocateDirectHexTest#CroissantMutant_OD_FPD_victim()']",10
commons-codec,9e0ae7e70108627aebec2306171055b60e788dcb,342d71bdcc1e18e869a72cebed19e0eaeedc230b,BUILD SUCCESS,15:04,18,"['org.apache.commons.codec.binary.Base16Test#CroissantMutant_OD_FPD_victim()', 'org.apache.commons.codec.binary.HexTest#CroissantMutant_OD_FPD_victim()', 'org.apache.commons.codec.CharsetsTest#CroissantMutant_OD_FPD_victim()', 'org.apache.commons.codec.language.Caverphone1Test#CroissantMutant_OD_FPD_victim()', 'org.apache.commons.codec.binary.Base16InputStreamTest#CroissantMutant_OD_FPD_victim()', 'org.apache.commons.codec.cli.DigestTest#CroissantMutant_OD_FPD_victim()', 'org.apache.commons.codec.language.bm.BeiderMorseEncoderTest#CroissantMutant_OD_FPD_victim()', 'org.apache.commons.codec.net.UtilsTest#CroissantMutant_OD_FPD_victim()', 'org.apache.commons.codec.language.DoubleMetaphone2Test#CroissantMutant_OD_FPD_victim()', 'org.apache.commons.codec.digest.Sha2CryptTest#CroissantMutant_OD_FPD_victim()', 'org.apache.commons.codec.digest.PureJavaCrc32Test#CroissantMutant_OD_FPD_victim()', 'org.apache.commons.codec.binary.Base16OutputStreamTest#CroissantMutant_OD_FPD_victim()', 'org.apache.commons.codec.EncoderExceptionTest#CroissantMutant_OD_FPD_victim()', 'org.apache.commons.codec.digest.B64Test#CroissantMutant_OD_FPD_victim()', 'org.apache.commons.codec.digest.Blake3Test#CroissantMutant_OD_FPD_victim()', 'org.apache.commons.codec.net.URLCodecTest#CroissantMutant_OD_FPD_victim()', 'org.apache.commons.codec.digest.Sha512CryptTest#CroissantMutant_OD_FPD_victim()', 'org.apache.commons.codec.binary.AllocateDirectHexTest#CroissantMutant_OD_FPD_victim()']",20
commons-codec,9e0ae7e70108627aebec2306171055b60e788dcb,342d71bdcc1e18e869a72cebed19e0eaeedc230b,BUILD SUCCESS,14:53,11,"['org.apache.commons.codec.binary.Base16Test#CroissantMutant_OD_FPD_victim()', 'org.apache.commons.codec.binary.HexTest#CroissantMutant_OD_FPD_victim()', 'org.apache.commons.codec.binary.Base16InputStreamTest#CroissantMutant_OD_FPD_victim()', 'org.apache.commons.codec.cli.DigestTest#CroissantMutant_OD_FPD_victim()', 'org.apache.commons.codec.language.bm.BeiderMorseEncoderTest#CroissantMutant_OD_FPD_victim()', 'org.apache.commons.codec.net.UtilsTest#CroissantMutant_OD_FPD_victim()', 'org.apache.commons.codec.digest.Sha2CryptTest#CroissantMutant_OD_FPD_victim()', 'org.apache.commons.codec.digest.PureJavaCrc32Test#CroissantMutant_OD_FPD_victim()', 'org.apache.commons.codec.EncoderExceptionTest#CroissantMutant_OD_FPD_victim()', 'org.apache.commons.codec.digest.Blake3Test#CroissantMutant_OD_FPD_victim()', 'org.apache.commons.codec.digest.Sha512CryptTest#CroissantMutant_OD_FPD_victim()']",30
commons-codec,9e0ae7e70108627aebec2306171055b60e788dcb,342d71bdcc1e18e869a72cebed19e0eaeedc230b,BUILD SUCCESS,14:57,11,"['org.apache.commons.codec.binary.Base16Test#CroissantMutant_OD_FPD_victim()', 'org.apache.commons.codec.binary.HexTest#CroissantMutant_OD_FPD_victim()', 'org.apache.commons.codec.binary.Base16InputStreamTest#CroissantMutant_OD_FPD_victim()', 'org.apache.commons.codec.cli.DigestTest#CroissantMutant_OD_FPD_victim()', 'org.apache.commons.codec.language.bm.BeiderMorseEncoderTest#CroissantMutant_OD_FPD_victim()', 'org.apache.commons.codec.net.UtilsTest#CroissantMutant_OD_FPD_victim()', 'org.apache.commons.codec.digest.Sha2CryptTest#CroissantMutant_OD_FPD_victim()', 'org.apache.commons.codec.digest.PureJavaCrc32Test#CroissantMutant_OD_FPD_victim()', 'org.apache.commons.codec.EncoderExceptionTest#CroissantMutant_OD_FPD_victim()', 'org.apache.commons.codec.digest.Blake3Test#CroissantMutant_OD_FPD_victim()', 'org.apache.commons.codec.digest.Sha512CryptTest#CroissantMutant_OD_FPD_victim()']",35
commons-codec,9e0ae7e70108627aebec2306171055b60e788dcb,342d71bdcc1e18e869a72cebed19e0eaeedc230b,BUILD SUCCESS,14:56,11,"['org.apache.commons.codec.binary.Base16Test#CroissantMutant_OD_FPD_victim()', 'org.apache.commons.codec.binary.HexTest#CroissantMutant_OD_FPD_victim()', 'org.apache.commons.codec.binary.Base16InputStreamTest#CroissantMutant_OD_FPD_victim()', 'org.apache.commons.codec.cli.DigestTest#CroissantMutant_OD_FPD_victim()', 'org.apache.commons.codec.language.bm.BeiderMorseEncoderTest#CroissantMutant_OD_FPD_victim()', 'org.apache.commons.codec.net.UtilsTest#CroissantMutant_OD_FPD_victim()', 'org.apache.commons.codec.digest.Sha2CryptTest#CroissantMutant_OD_FPD_victim()', 'org.apache.commons.codec.digest.PureJavaCrc32Test#CroissantMutant_OD_FPD_victim()', 'org.apache.commons.codec.EncoderExceptionTest#CroissantMutant_OD_FPD_victim()', 'org.apache.commons.codec.digest.Blake3Test#CroissantMutant_OD_FPD_victim()', 'org.apache.commons.codec.digest.Sha512CryptTest#CroissantMutant_OD_FPD_victim()']",40
commons-codec,9e0ae7e70108627aebec2306171055b60e788dcb,342d71bdcc1e18e869a72cebed19e0eaeedc230b,BUILD SUCCESS,14:54,11,"['org.apache.commons.codec.binary.Base16Test#CroissantMutant_OD_FPD_victim()', 'org.apache.commons.codec.binary.HexTest#CroissantMutant_OD_FPD_victim()', 'org.apache.commons.codec.binary.Base16InputStreamTest#CroissantMutant_OD_FPD_victim()', 'org.apache.commons.codec.cli.DigestTest#CroissantMutant_OD_FPD_victim()', 'org.apache.commons.codec.language.bm.BeiderMorseEncoderTest#CroissantMutant_OD_FPD_victim()', 'org.apache.commons.codec.net.UtilsTest#CroissantMutant_OD_FPD_victim()', 'org.apache.commons.codec.digest.Sha2CryptTest#CroissantMutant_OD_FPD_victim()', 'org.apache.commons.codec.digest.PureJavaCrc32Test#CroissantMutant_OD_FPD_victim()', 'org.apache.commons.codec.EncoderExceptionTest#CroissantMutant_OD_FPD_victim()', 'org.apache.commons.codec.digest.Blake3Test#CroissantMutant_OD_FPD_victim()', 'org.apache.commons.codec.digest.Sha512CryptTest#CroissantMutant_OD_FPD_victim()']",45
commons-codec,9e0ae7e70108627aebec2306171055b60e788dcb,342d71bdcc1e18e869a72cebed19e0eaeedc230b,BUILD SUCCESS,14:57,10,"['org.apache.commons.codec.binary.Base16Test#CroissantMutant_OD_FPD_victim()', 'org.apache.commons.codec.binary.HexTest#CroissantMutant_OD_FPD_victim()', 'org.apache.commons.codec.binary.Base16InputStreamTest#CroissantMutant_OD_FPD_victim()', 'org.apache.commons.codec.cli.DigestTest#CroissantMutant_OD_FPD_victim()', 'org.apache.commons.codec.language.bm.BeiderMorseEncoderTest#CroissantMutant_OD_FPD_victim()', 'org.apache.commons.codec.net.UtilsTest#CroissantMutant_OD_FPD_victim()', 'org.apache.commons.codec.digest.Sha2CryptTest#CroissantMutant_OD_FPD_victim()', 'org.apache.commons.codec.EncoderExceptionTest#CroissantMutant_OD_FPD_victim()', 'org.apache.commons.codec.digest.Blake3Test#CroissantMutant_OD_FPD_victim()', 'org.apache.commons.codec.digest.Sha512CryptTest#CroissantMutant_OD_FPD_victim()']",50
commons-codec,9e0ae7e70108627aebec2306171055b60e788dcb,342d71bdcc1e18e869a72cebed19e0eaeedc230b,BUILD SUCCESS,15:00,55,"['org.apache.commons.codec.binary.Base64Test#CroissantMutant_OD_FPD_victim()', 'org.apache.commons.codec.digest.Sha256CryptTest#CroissantMutant_OD_FPD_victim()', 'org.apache.commons.codec.language.RefinedSoundexTest#CroissantMutant_OD_FPD_victim()', 'org.apache.commons.codec.binary.Base32InputStreamTest#CroissantMutant_OD_FPD_victim()', 'org.apache.commons.codec.net.QuotedPrintableCodecTest#CroissantMutant_OD_FPD_victim()', 'org.apache.commons.codec.binary.Base16Test#CroissantMutant_OD_FPD_victim()', 'org.apache.commons.codec.language.DoubleMetaphoneTest#CroissantMutant_OD_FPD_victim()', 'org.apache.commons.codec.language.DaitchMokotoffSoundexTest#CroissantMutant_OD_FPD_victim()', 'org.apache.commons.codec.net.PercentCodecTest#CroissantMutant_OD_FPD_victim()', 'org.apache.commons.codec.digest.HmacUtilsTest#CroissantMutant_OD_FPD_victim()', 'org.apache.commons.codec.digest.B64Test#CroissantMutant_OD_FPD_victim()', 'org.apache.commons.codec.language.Caverphone1Test#CroissantMutant_OD_FPD_victim()', 'org.apache.commons.codec.language.Caverphone2Test#CroissantMutant_OD_FPD_victim()', 'org.apache.commons.codec.binary.HexTest#CroissantMutant_OD_FPD_victim()', 'org.apache.commons.codec.binary.AllocateDirectHexTest#CroissantMutant_OD_FPD_victim()', 'org.apache.commons.codec.digest.PureJavaCrc32Test#CroissantMutant_OD_FPD_victim()', 'org.apache.commons.codec.language.MatchRatingApproachEncoderTest#CroissantMutant_OD_FPD_victim()', 'org.apache.commons.codec.binary.Base64OutputStreamTest#CroissantMutant_OD_FPD_victim()', 'org.apache.commons.codec.EncoderExceptionTest#CroissantMutant_OD_FPD_victim()', 'org.apache.commons.codec.digest.XXHash32OverflowTest#CroissantMutant_OD_FPD_victim()', 'org.apache.commons.codec.DecoderExceptionTest#CroissantMutant_OD_FPD_victim()', 'org.apache.commons.codec.binary.BaseNCodecTest#CroissantMutant_OD_FPD_victim()', 'org.apache.commons.codec.language.bm.RuleTest#CroissantMutant_OD_FPD_victim()', 'org.apache.commons.codec.binary.Base64Codec13Test#CroissantMutant_OD_FPD_victim()', 'org.apache.commons.codec.binary.Base32OutputStreamTest#CroissantMutant_OD_FPD_victim()', 'org.apache.commons.codec.binary.Base32Test#CroissantMutant_OD_FPD_victim()', 'org.apache.commons.codec.language.MetaphoneTest#CroissantMutant_OD_FPD_victim()', 'org.apache.commons.codec.digest.CryptTest#CroissantMutant_OD_FPD_victim()', 'org.apache.commons.codec.digest.MurmurHash2Test#CroissantMutant_OD_FPD_victim()', 'org.apache.commons.codec.language.DoubleMetaphone2Test#CroissantMutant_OD_FPD_victim()', 'org.apache.commons.codec.digest.UnixCryptTest#CroissantMutant_OD_FPD_victim()', 'org.apache.commons.codec.language.bm.PhoneticEngineRegressionTest#CroissantMutant_OD_FPD_victim()', 'org.apache.commons.codec.digest.Blake3Test#CroissantMutant_OD_FPD_victim()', 'org.apache.commons.codec.language.bm.BeiderMorseEncoderTest#CroissantMutant_OD_FPD_victim()', 'org.apache.commons.codec.binary.StringUtilsTest#CroissantMutant_OD_FPD_victim()', 'org.apache.commons.codec.StringEncoderComparatorTest#CroissantMutant_OD_FPD_victim()', 'org.apache.commons.codec.net.UtilsTest#CroissantMutant_OD_FPD_victim()', 'org.apache.commons.codec.CharsetsTest#CroissantMutant_OD_FPD_victim()', 'org.apache.commons.codec.digest.PureJavaCrc32CTest#CroissantMutant_OD_FPD_victim()', 'org.apache.commons.codec.language.SoundexTest#CroissantMutant_OD_FPD_victim()', 'org.apache.commons.codec.binary.Base16InputStreamTest#CroissantMutant_OD_FPD_victim()', 'org.apache.commons.codec.digest.Sha512CryptTest#CroissantMutant_OD_FPD_victim()', 'org.apache.commons.codec.digest.DigestUtilsTest#CroissantMutant_OD_FPD_victim()', 'org.apache.commons.codec.cli.DigestTest#CroissantMutant_OD_FPD_victim()', 'org.apache.commons.codec.binary.Base16OutputStreamTest#CroissantMutant_OD_FPD_victim()', 'org.apache.commons.codec.language.NysiisTest#CroissantMutant_OD_FPD_victim()', 'org.apache.commons.codec.language.ColognePhoneticTest#CroissantMutant_OD_FPD_victim()', 'org.apache.commons.codec.net.BCodecTest#CroissantMutant_OD_FPD_victim()', 'org.apache.commons.codec.binary.Base64InputStreamTest#CroissantMutant_OD_FPD_victim()', 'org.apache.commons.codec.net.URLCodecTest#CroissantMutant_OD_FPD_victim()', 'org.apache.commons.codec.digest.MurmurHash3Test#CroissantMutant_OD_FPD_victim()', 'org.apache.commons.codec.digest.Sha2CryptTest#CroissantMutant_OD_FPD_victim()', 'org.apache.commons.codec.binary.CharSequenceUtilsTest#CroissantMutant_OD_FPD_victim()', 'org.apache.commons.codec.CharEncodingTest#CroissantMutant_OD_FPD_victim()', 'org.apache.commons.codec.net.QCodecTest#CroissantMutant_OD_FPD_victim()']",0
commons-codec,9e0ae7e70108627aebec2306171055b60e788dcb,342d71bdcc1e18e869a72cebed19e0eaeedc230b,BUILD SUCCESS,14:59,19,"['org.apache.commons.codec.binary.Base64Test#CroissantMutant_OD_FPD_victim()', 'org.apache.commons.codec.binary.HexTest#CroissantMutant_OD_FPD_victim()', 'org.apache.commons.codec.DecoderExceptionTest#CroissantMutant_OD_FPD_victim()', 'org.apache.commons.codec.digest.Sha256CryptTest#CroissantMutant_OD_FPD_victim()', 'org.apache.commons.codec.language.MetaphoneTest#CroissantMutant_OD_FPD_victim()', 'org.apache.commons.codec.language.bm.BeiderMorseEncoderTest#CroissantMutant_OD_FPD_victim()', 'org.apache.commons.codec.StringEncoderComparatorTest#CroissantMutant_OD_FPD_victim()', 'org.apache.commons.codec.binary.Base32InputStreamTest#CroissantMutant_OD_FPD_victim()', 'org.apache.commons.codec.digest.CryptTest#CroissantMutant_OD_FPD_victim()', 'org.apache.commons.codec.language.bm.RuleTest#CroissantMutant_OD_FPD_victim()', 'org.apache.commons.codec.digest.PureJavaCrc32CTest#CroissantMutant_OD_FPD_victim()', 'org.apache.commons.codec.language.bm.PhoneticEngineRegressionTest#CroissantMutant_OD_FPD_victim()', 'org.apache.commons.codec.CharsetsTest#CroissantMutant_OD_FPD_victim()', 'org.apache.commons.codec.language.DoubleMetaphoneTest#CroissantMutant_OD_FPD_victim()', 'org.apache.commons.codec.net.PercentCodecTest#CroissantMutant_OD_FPD_victim()', 'org.apache.commons.codec.digest.B64Test#CroissantMutant_OD_FPD_victim()', 'org.apache.commons.codec.digest.UnixCryptTest#CroissantMutant_OD_FPD_victim()', 'org.apache.commons.codec.binary.CharSequenceUtilsTest#CroissantMutant_OD_FPD_victim()', 'org.apache.commons.codec.EncoderExceptionTest#CroissantMutant_OD_FPD_victim()']",10
commons-codec,9e0ae7e70108627aebec2306171055b60e788dcb,342d71bdcc1e18e869a72cebed19e0eaeedc230b,BUILD SUCCESS,14:53,6,"['org.apache.commons.codec.binary.Base64Test#CroissantMutant_OD_FPD_victim()', 'org.apache.commons.codec.binary.HexTest#CroissantMutant_OD_FPD_victim()', 'org.apache.commons.codec.language.bm.BeiderMorseEncoderTest#CroissantMutant_OD_FPD_victim()', 'org.apache.commons.codec.language.Caverphone1Test#CroissantMutant_OD_FPD_victim()', 'org.apache.commons.codec.binary.BinaryCodecTest#CroissantMutant_OD_FPD_victim()', 'org.apache.commons.codec.digest.Blake3Test#CroissantMutant_OD_FPD_victim()']",20
commons-codec,9e0ae7e70108627aebec2306171055b60e788dcb,342d71bdcc1e18e869a72cebed19e0eaeedc230b,BUILD SUCCESS,14:53,5,"['org.apache.commons.codec.binary.Base64Test#CroissantMutant_OD_FPD_victim()', 'org.apache.commons.codec.binary.HexTest#CroissantMutant_OD_FPD_victim()', 'org.apache.commons.codec.language.SoundexTest#CroissantMutant_OD_FPD_victim()', 'org.apache.commons.codec.language.Caverphone1Test#CroissantMutant_OD_FPD_victim()', 'org.apache.commons.codec.digest.Blake3Test#CroissantMutant_OD_FPD_victim()']",30
commons-codec,9e0ae7e70108627aebec2306171055b60e788dcb,342d71bdcc1e18e869a72cebed19e0eaeedc230b,BUILD SUCCESS,14:53,5,"['org.apache.commons.codec.binary.Base64Test#CroissantMutant_OD_FPD_victim()', 'org.apache.commons.codec.binary.HexTest#CroissantMutant_OD_FPD_victim()', 'org.apache.commons.codec.language.SoundexTest#CroissantMutant_OD_FPD_victim()', 'org.apache.commons.codec.language.Caverphone1Test#CroissantMutant_OD_FPD_victim()', 'org.apache.commons.codec.digest.Blake3Test#CroissantMutant_OD_FPD_victim()']",35
commons-codec,9e0ae7e70108627aebec2306171055b60e788dcb,342d71bdcc1e18e869a72cebed19e0eaeedc230b,BUILD SUCCESS,14:54,3,"['org.apache.commons.codec.binary.HexTest#CroissantMutant_OD_FPD_victim()', 'org.apache.commons.codec.language.Caverphone1Test#CroissantMutant_OD_FPD_victim()', 'org.apache.commons.codec.digest.Blake3Test#CroissantMutant_OD_FPD_victim()']",40
commons-codec,9e0ae7e70108627aebec2306171055b60e788dcb,342d71bdcc1e18e869a72cebed19e0eaeedc230b,BUILD SUCCESS,14:52,3,"['org.apache.commons.codec.binary.HexTest#CroissantMutant_OD_FPD_victim()', 'org.apache.commons.codec.language.Caverphone1Test#CroissantMutant_OD_FPD_victim()', 'org.apache.commons.codec.digest.Blake3Test#CroissantMutant_OD_FPD_victim()']",45
commons-codec,9e0ae7e70108627aebec2306171055b60e788dcb,342d71bdcc1e18e869a72cebed19e0eaeedc230b,BUILD SUCCESS,14:53,3,"['org.apache.commons.codec.binary.HexTest#CroissantMutant_OD_FPD_victim()', 'org.apache.commons.codec.language.Caverphone1Test#CroissantMutant_OD_FPD_victim()', 'org.apache.commons.codec.digest.Blake3Test#CroissantMutant_OD_FPD_victim()']",50
commons-codec,9e0ae7e70108627aebec2306171055b60e788dcb,342d71bdcc1e18e869a72cebed19e0eaeedc230b,BUILD SUCCESS,14:58,57,"['org.apache.commons.codec.language.ColognePhoneticTest#CroissantMutant_OD_FPD_victim()', 'org.apache.commons.codec.binary.Base64Test#CroissantMutant_OD_FPD_victim()', 'org.apache.commons.codec.net.RFC1522CodecTest#CroissantMutant_OD_FPD_victim()', 'org.apache.commons.codec.DecoderExceptionTest#CroissantMutant_OD_FPD_victim()', 'org.apache.commons.codec.binary.BaseNCodecTest#CroissantMutant_OD_FPD_victim()', 'org.apache.commons.codec.binary.Base64InputStreamTest#CroissantMutant_OD_FPD_victim()', 'org.apache.commons.codec.digest.Sha256CryptTest#CroissantMutant_OD_FPD_victim()', 'org.apache.commons.codec.binary.Base64Codec13Test#CroissantMutant_OD_FPD_victim()', 'org.apache.commons.codec.binary.Base32InputStreamTest#CroissantMutant_OD_FPD_victim()', 'org.apache.commons.codec.language.SoundexTest#CroissantMutant_OD_FPD_victim()', 'org.apache.commons.codec.language.DaitchMokotoffSoundexTest#CroissantMutant_OD_FPD_victim()', 'org.apache.commons.codec.net.PercentCodecTest#CroissantMutant_OD_FPD_victim()', 'org.apache.commons.codec.binary.Base32Test#CroissantMutant_OD_FPD_victim()', 'org.apache.commons.codec.digest.HmacUtilsTest#CroissantMutant_OD_FPD_victim()', 'org.apache.commons.codec.language.MetaphoneTest#CroissantMutant_OD_FPD_victim()', 'org.apache.commons.codec.digest.CryptTest#CroissantMutant_OD_FPD_victim()', 'org.apache.commons.codec.language.Caverphone1Test#CroissantMutant_OD_FPD_victim()', 'org.apache.commons.codec.binary.Base16InputStreamTest#CroissantMutant_OD_FPD_victim()', 'org.apache.commons.codec.language.Caverphone2Test#CroissantMutant_OD_FPD_victim()', 'org.apache.commons.codec.digest.DigestUtilsTest#CroissantMutant_OD_FPD_victim()', 'org.apache.commons.codec.language.DoubleMetaphone2Test#CroissantMutant_OD_FPD_victim()', 'org.apache.commons.codec.language.bm.PhoneticEngineRegressionTest#CroissantMutant_OD_FPD_victim()', 'org.apache.commons.codec.binary.HexTest#CroissantMutant_OD_FPD_victim()', 'org.apache.commons.codec.digest.Sha2CryptTest#CroissantMutant_OD_FPD_victim()', 'org.apache.commons.codec.digest.Blake3Test#CroissantMutant_OD_FPD_victim()', 'org.apache.commons.codec.cli.DigestTest#CroissantMutant_OD_FPD_victim()', 'org.apache.commons.codec.language.bm.BeiderMorseEncoderTest#CroissantMutant_OD_FPD_victim()', 'org.apache.commons.codec.language.MatchRatingApproachEncoderTest#CroissantMutant_OD_FPD_victim()', 'org.apache.commons.codec.binary.Base16OutputStreamTest#CroissantMutant_OD_FPD_victim()', 'org.apache.commons.codec.language.NysiisTest#CroissantMutant_OD_FPD_victim()', 'org.apache.commons.codec.binary.StringUtilsTest#CroissantMutant_OD_FPD_victim()', 'org.apache.commons.codec.StringEncoderComparatorTest#CroissantMutant_OD_FPD_victim()', 'org.apache.commons.codec.EncoderExceptionTest#CroissantMutant_OD_FPD_victim()', 'org.apache.commons.codec.digest.Md5CryptTest#CroissantMutant_OD_FPD_victim()', 'org.apache.commons.codec.language.bm.RuleTest#CroissantMutant_OD_FPD_victim()', 'org.apache.commons.codec.digest.PureJavaCrc32CTest#CroissantMutant_OD_FPD_victim()', 'org.apache.commons.codec.binary.Base16Test#CroissantMutant_OD_FPD_victim()', 'org.apache.commons.codec.CharEncodingTest#CroissantMutant_OD_FPD_victim()', 'org.apache.commons.codec.digest.MurmurHash3Test#CroissantMutant_OD_FPD_victim()', 'org.apache.commons.codec.net.QCodecTest#CroissantMutant_OD_FPD_victim()', 'org.apache.commons.codec.digest.UnixCryptTest#CroissantMutant_OD_FPD_victim()', 'org.apache.commons.codec.binary.BinaryCodecTest#CroissantMutant_OD_FPD_victim()', 'org.apache.commons.codec.binary.AllocateDirectHexTest#CroissantMutant_OD_FPD_victim()', 'org.apache.commons.codec.digest.PureJavaCrc32Test#CroissantMutant_OD_FPD_victim()', 'org.apache.commons.codec.CharsetsTest#CroissantMutant_OD_FPD_victim()', 'org.apache.commons.codec.binary.Base32OutputStreamTest#CroissantMutant_OD_FPD_victim()', 'org.apache.commons.codec.net.QuotedPrintableCodecTest#CroissantMutant_OD_FPD_victim()', 'org.apache.commons.codec.language.DoubleMetaphoneTest#CroissantMutant_OD_FPD_victim()', 'org.apache.commons.codec.digest.B64Test#CroissantMutant_OD_FPD_victim()', 'org.apache.commons.codec.digest.MurmurHash2Test#CroissantMutant_OD_FPD_victim()', 'org.apache.commons.codec.binary.CharSequenceUtilsTest#CroissantMutant_OD_FPD_victim()', 'org.apache.commons.codec.net.UtilsTest#CroissantMutant_OD_FPD_victim()', 'org.apache.commons.codec.net.URLCodecTest#CroissantMutant_OD_FPD_victim()', 'org.apache.commons.codec.digest.Sha512CryptTest#CroissantMutant_OD_FPD_victim()', 'org.apache.commons.codec.net.BCodecTest#CroissantMutant_OD_FPD_victim()', 'org.apache.commons.codec.digest.XXHash32OverflowTest#CroissantMutant_OD_FPD_victim()', 'org.apache.commons.codec.binary.Base64OutputStreamTest#CroissantMutant_OD_FPD_victim()']",0
commons-codec,9e0ae7e70108627aebec2306171055b60e788dcb,342d71bdcc1e18e869a72cebed19e0eaeedc230b,BUILD SUCCESS,14:54,21,"['org.apache.commons.codec.binary.BaseNCodecTest#CroissantMutant_OD_FPD_victim()', 'org.apache.commons.codec.net.PercentCodecTest#CroissantMutant_OD_FPD_victim()', 'org.apache.commons.codec.digest.CryptTest#CroissantMutant_OD_FPD_victim()', 'org.apache.commons.codec.language.Caverphone1Test#CroissantMutant_OD_FPD_victim()', 'org.apache.commons.codec.binary.Base16InputStreamTest#CroissantMutant_OD_FPD_victim()', 'org.apache.commons.codec.binary.HexTest#CroissantMutant_OD_FPD_victim()', 'org.apache.commons.codec.net.RFC1522CodecTest#CroissantMutant_OD_FPD_victim()', 'org.apache.commons.codec.language.bm.RuleTest#CroissantMutant_OD_FPD_victim()', 'org.apache.commons.codec.digest.HmacUtilsTest#CroissantMutant_OD_FPD_victim()', 'org.apache.commons.codec.CharEncodingTest#CroissantMutant_OD_FPD_victim()', 'org.apache.commons.codec.digest.MurmurHash3Test#CroissantMutant_OD_FPD_victim()', 'org.apache.commons.codec.digest.PureJavaCrc32Test#CroissantMutant_OD_FPD_victim()', 'org.apache.commons.codec.language.ColognePhoneticTest#CroissantMutant_OD_FPD_victim()', 'org.apache.commons.codec.language.bm.PhoneticEngineRegressionTest#CroissantMutant_OD_FPD_victim()', 'org.apache.commons.codec.StringEncoderComparatorTest#CroissantMutant_OD_FPD_victim()', 'org.apache.commons.codec.language.MetaphoneTest#CroissantMutant_OD_FPD_victim()', 'org.apache.commons.codec.language.DoubleMetaphone2Test#CroissantMutant_OD_FPD_victim()', 'org.apache.commons.codec.digest.XXHash32OverflowTest#CroissantMutant_OD_FPD_victim()', 'org.apache.commons.codec.digest.DigestUtilsTest#CroissantMutant_OD_FPD_victim()', 'org.apache.commons.codec.language.NysiisTest#CroissantMutant_OD_FPD_victim()', 'org.apache.commons.codec.binary.StringUtilsTest#CroissantMutant_OD_FPD_victim()']",10
commons-codec,9e0ae7e70108627aebec2306171055b60e788dcb,342d71bdcc1e18e869a72cebed19e0eaeedc230b,BUILD SUCCESS,14:55,14,"['org.apache.commons.codec.binary.BaseNCodecTest#CroissantMutant_OD_FPD_victim()', 'org.apache.commons.codec.language.Caverphone1Test#CroissantMutant_OD_FPD_victim()', 'org.apache.commons.codec.binary.HexTest#CroissantMutant_OD_FPD_victim()', 'org.apache.commons.codec.language.bm.RuleTest#CroissantMutant_OD_FPD_victim()', 'org.apache.commons.codec.CharEncodingTest#CroissantMutant_OD_FPD_victim()', 'org.apache.commons.codec.language.ColognePhoneticTest#CroissantMutant_OD_FPD_victim()', 'org.apache.commons.codec.net.RFC1522CodecTest#CroissantMutant_OD_FPD_victim()', 'org.apache.commons.codec.language.bm.PhoneticEngineRegressionTest#CroissantMutant_OD_FPD_victim()', 'org.apache.commons.codec.StringEncoderComparatorTest#CroissantMutant_OD_FPD_victim()', 'org.apache.commons.codec.language.DoubleMetaphone2Test#CroissantMutant_OD_FPD_victim()', 'org.apache.commons.codec.language.MetaphoneTest#CroissantMutant_OD_FPD_victim()', 'org.apache.commons.codec.digest.DigestUtilsTest#CroissantMutant_OD_FPD_victim()', 'org.apache.commons.codec.language.NysiisTest#CroissantMutant_OD_FPD_victim()', 'org.apache.commons.codec.binary.StringUtilsTest#CroissantMutant_OD_FPD_victim()']",20
commons-codec,9e0ae7e70108627aebec2306171055b60e788dcb,342d71bdcc1e18e869a72cebed19e0eaeedc230b,BUILD SUCCESS,14:53,12,"['org.apache.commons.codec.language.Caverphone1Test#CroissantMutant_OD_FPD_victim()', 'org.apache.commons.codec.binary.HexTest#CroissantMutant_OD_FPD_victim()', 'org.apache.commons.codec.language.bm.RuleTest#CroissantMutant_OD_FPD_victim()', 'org.apache.commons.codec.language.ColognePhoneticTest#CroissantMutant_OD_FPD_victim()', 'org.apache.commons.codec.net.RFC1522CodecTest#CroissantMutant_OD_FPD_victim()', 'org.apache.commons.codec.language.bm.PhoneticEngineRegressionTest#CroissantMutant_OD_FPD_victim()', 'org.apache.commons.codec.StringEncoderComparatorTest#CroissantMutant_OD_FPD_victim()', 'org.apache.commons.codec.language.DoubleMetaphone2Test#CroissantMutant_OD_FPD_victim()', 'org.apache.commons.codec.language.MetaphoneTest#CroissantMutant_OD_FPD_victim()', 'org.apache.commons.codec.digest.DigestUtilsTest#CroissantMutant_OD_FPD_victim()', 'org.apache.commons.codec.language.NysiisTest#CroissantMutant_OD_FPD_victim()', 'org.apache.commons.codec.binary.StringUtilsTest#CroissantMutant_OD_FPD_victim()']",30
commons-codec,9e0ae7e70108627aebec2306171055b60e788dcb,342d71bdcc1e18e869a72cebed19e0eaeedc230b,BUILD SUCCESS,14:51,10,"['org.apache.commons.codec.binary.HexTest#CroissantMutant_OD_FPD_victim()', 'org.apache.commons.codec.language.bm.RuleTest#CroissantMutant_OD_FPD_victim()', 'org.apache.commons.codec.language.ColognePhoneticTest#CroissantMutant_OD_FPD_victim()', 'org.apache.commons.codec.language.bm.PhoneticEngineRegressionTest#CroissantMutant_OD_FPD_victim()', 'org.apache.commons.codec.StringEncoderComparatorTest#CroissantMutant_OD_FPD_victim()', 'org.apache.commons.codec.language.DoubleMetaphone2Test#CroissantMutant_OD_FPD_victim()', 'org.apache.commons.codec.language.MetaphoneTest#CroissantMutant_OD_FPD_victim()', 'org.apache.commons.codec.digest.DigestUtilsTest#CroissantMutant_OD_FPD_victim()', 'org.apache.commons.codec.language.NysiisTest#CroissantMutant_OD_FPD_victim()', 'org.apache.commons.codec.binary.StringUtilsTest#CroissantMutant_OD_FPD_victim()']",35
commons-codec,9e0ae7e70108627aebec2306171055b60e788dcb,342d71bdcc1e18e869a72cebed19e0eaeedc230b,BUILD SUCCESS,14:52,9,"['org.apache.commons.codec.binary.HexTest#CroissantMutant_OD_FPD_victim()', 'org.apache.commons.codec.language.bm.RuleTest#CroissantMutant_OD_FPD_victim()', 'org.apache.commons.codec.language.ColognePhoneticTest#CroissantMutant_OD_FPD_victim()', 'org.apache.commons.codec.language.bm.PhoneticEngineRegressionTest#CroissantMutant_OD_FPD_victim()', 'org.apache.commons.codec.StringEncoderComparatorTest#CroissantMutant_OD_FPD_victim()', 'org.apache.commons.codec.language.DoubleMetaphone2Test#CroissantMutant_OD_FPD_victim()', 'org.apache.commons.codec.language.MetaphoneTest#CroissantMutant_OD_FPD_victim()', 'org.apache.commons.codec.digest.DigestUtilsTest#CroissantMutant_OD_FPD_victim()', 'org.apache.commons.codec.binary.StringUtilsTest#CroissantMutant_OD_FPD_victim()']",40
commons-codec,9e0ae7e70108627aebec2306171055b60e788dcb,342d71bdcc1e18e869a72cebed19e0eaeedc230b,BUILD SUCCESS,14:55,8,"['org.apache.commons.codec.binary.HexTest#CroissantMutant_OD_FPD_victim()', 'org.apache.commons.codec.language.bm.RuleTest#CroissantMutant_OD_FPD_victim()', 'org.apache.commons.codec.language.ColognePhoneticTest#CroissantMutant_OD_FPD_victim()', 'org.apache.commons.codec.StringEncoderComparatorTest#CroissantMutant_OD_FPD_victim()', 'org.apache.commons.codec.language.DoubleMetaphone2Test#CroissantMutant_OD_FPD_victim()', 'org.apache.commons.codec.language.MetaphoneTest#CroissantMutant_OD_FPD_victim()', 'org.apache.commons.codec.digest.DigestUtilsTest#CroissantMutant_OD_FPD_victim()', 'org.apache.commons.codec.binary.StringUtilsTest#CroissantMutant_OD_FPD_victim()']",45
commons-codec,9e0ae7e70108627aebec2306171055b60e788dcb,342d71bdcc1e18e869a72cebed19e0eaeedc230b,BUILD SUCCESS,14:51,4,"['org.apache.commons.codec.binary.HexTest#CroissantMutant_OD_FPD_victim()', 'org.apache.commons.codec.language.bm.RuleTest#CroissantMutant_OD_FPD_victim()', 'org.apache.commons.codec.language.ColognePhoneticTest#CroissantMutant_OD_FPD_victim()', 'org.apache.commons.codec.StringEncoderComparatorTest#CroissantMutant_OD_FPD_victim()']",50
commons-codec,9e0ae7e70108627aebec2306171055b60e788dcb,342d71bdcc1e18e869a72cebed19e0eaeedc230b,BUILD SUCCESS,14:57,57,"['org.apache.commons.codec.binary.Base64Test#CroissantMutant_OD_FPD_victim()', 'org.apache.commons.codec.binary.BaseNCodecTest#CroissantMutant_OD_FPD_victim()', 'org.apache.commons.codec.binary.Base64Codec13Test#CroissantMutant_OD_FPD_victim()', 'org.apache.commons.codec.binary.Base32InputStreamTest#CroissantMutant_OD_FPD_victim()', 'org.apache.commons.codec.net.QuotedPrintableCodecTest#CroissantMutant_OD_FPD_victim()', 'org.apache.commons.codec.binary.Base16Test#CroissantMutant_OD_FPD_victim()', 'org.apache.commons.codec.language.DoubleMetaphoneTest#CroissantMutant_OD_FPD_victim()', 'org.apache.commons.codec.digest.HmacUtilsTest#CroissantMutant_OD_FPD_victim()', 'org.apache.commons.codec.digest.Apr1CryptTest#CroissantMutant_OD_FPD_victim()', 'org.apache.commons.codec.digest.CryptTest#CroissantMutant_OD_FPD_victim()', 'org.apache.commons.codec.digest.MurmurHash3Test#CroissantMutant_OD_FPD_victim()', 'org.apache.commons.codec.digest.MurmurHash2Test#CroissantMutant_OD_FPD_victim()', 'org.apache.commons.codec.language.Caverphone1Test#CroissantMutant_OD_FPD_victim()', 'org.apache.commons.codec.binary.Base16InputStreamTest#CroissantMutant_OD_FPD_victim()', 'org.apache.commons.codec.net.QCodecTest#CroissantMutant_OD_FPD_victim()', 'org.apache.commons.codec.digest.DigestUtilsTest#CroissantMutant_OD_FPD_victim()', 'org.apache.commons.codec.digest.UnixCryptTest#CroissantMutant_OD_FPD_victim()', 'org.apache.commons.codec.binary.BinaryCodecTest#CroissantMutant_OD_FPD_victim()', 'org.apache.commons.codec.language.bm.PhoneticEngineRegressionTest#CroissantMutant_OD_FPD_victim()', 'org.apache.commons.codec.binary.HexTest#CroissantMutant_OD_FPD_victim()', 'org.apache.commons.codec.digest.Sha2CryptTest#CroissantMutant_OD_FPD_victim()', 'org.apache.commons.codec.binary.AllocateDirectHexTest#CroissantMutant_OD_FPD_victim()', 'org.apache.commons.codec.language.MatchRatingApproachEncoderTest#CroissantMutant_OD_FPD_victim()', 'org.apache.commons.codec.binary.Base16OutputStreamTest#CroissantMutant_OD_FPD_victim()', 'org.apache.commons.codec.binary.CharSequenceUtilsTest#CroissantMutant_OD_FPD_victim()', 'org.apache.commons.codec.CharsetsTest#CroissantMutant_OD_FPD_victim()', 'org.apache.commons.codec.net.BCodecTest#CroissantMutant_OD_FPD_victim()', 'org.apache.commons.codec.net.RFC1522CodecTest#CroissantMutant_OD_FPD_victim()', 'org.apache.commons.codec.DecoderExceptionTest#CroissantMutant_OD_FPD_victim()', 'org.apache.commons.codec.language.bm.RuleTest#CroissantMutant_OD_FPD_victim()', 'org.apache.commons.codec.digest.PureJavaCrc32CTest#CroissantMutant_OD_FPD_victim()', 'org.apache.commons.codec.language.RefinedSoundexTest#CroissantMutant_OD_FPD_victim()', 'org.apache.commons.codec.language.SoundexTest#CroissantMutant_OD_FPD_victim()', 'org.apache.commons.codec.binary.Base32Test#CroissantMutant_OD_FPD_victim()', 'org.apache.commons.codec.CharEncodingTest#CroissantMutant_OD_FPD_victim()', 'org.apache.commons.codec.language.MetaphoneTest#CroissantMutant_OD_FPD_victim()', 'org.apache.commons.codec.digest.PureJavaCrc32Test#CroissantMutant_OD_FPD_victim()', 'org.apache.commons.codec.binary.Base64OutputStreamTest#CroissantMutant_OD_FPD_victim()', 'org.apache.commons.codec.binary.StringUtilsTest#CroissantMutant_OD_FPD_victim()', 'org.apache.commons.codec.net.UtilsTest#CroissantMutant_OD_FPD_victim()', 'org.apache.commons.codec.EncoderExceptionTest#CroissantMutant_OD_FPD_victim()', 'org.apache.commons.codec.digest.XXHash32OverflowTest#CroissantMutant_OD_FPD_victim()', 'org.apache.commons.codec.binary.Base32OutputStreamTest#CroissantMutant_OD_FPD_victim()', 'org.apache.commons.codec.language.DaitchMokotoffSoundexTest#CroissantMutant_OD_FPD_victim()', 'org.apache.commons.codec.net.PercentCodecTest#CroissantMutant_OD_FPD_victim()', 'org.apache.commons.codec.digest.B64Test#CroissantMutant_OD_FPD_victim()', 'org.apache.commons.codec.language.Caverphone2Test#CroissantMutant_OD_FPD_victim()', 'org.apache.commons.codec.digest.Sha512CryptTest#CroissantMutant_OD_FPD_victim()', 'org.apache.commons.codec.digest.Blake3Test#CroissantMutant_OD_FPD_victim()', 'org.apache.commons.codec.language.bm.BeiderMorseEncoderTest#CroissantMutant_OD_FPD_victim()', 'org.apache.commons.codec.digest.Md5CryptTest#CroissantMutant_OD_FPD_victim()', 'org.apache.commons.codec.language.ColognePhoneticTest#CroissantMutant_OD_FPD_victim()', 'org.apache.commons.codec.net.URLCodecTest#CroissantMutant_OD_FPD_victim()', 'org.apache.commons.codec.language.DoubleMetaphone2Test#CroissantMutant_OD_FPD_victim()', 'org.apache.commons.codec.cli.DigestTest#CroissantMutant_OD_FPD_victim()', 'org.apache.commons.codec.language.NysiisTest#CroissantMutant_OD_FPD_victim()', 'org.apache.commons.codec.StringEncoderComparatorTest#CroissantMutant_OD_FPD_victim()']",0
commons-codec,9e0ae7e70108627aebec2306171055b60e788dcb,342d71bdcc1e18e869a72cebed19e0eaeedc230b,BUILD SUCCESS,14:56,19,"['org.apache.commons.codec.language.DoubleMetaphoneTest#CroissantMutant_OD_FPD_victim()', 'org.apache.commons.codec.digest.Apr1CryptTest#CroissantMutant_OD_FPD_victim()', 'org.apache.commons.codec.digest.CryptTest#CroissantMutant_OD_FPD_victim()', 'org.apache.commons.codec.binary.HexTest#CroissantMutant_OD_FPD_victim()', 'org.apache.commons.codec.binary.AllocateDirectHexTest#CroissantMutant_OD_FPD_victim()', 'org.apache.commons.codec.language.MetaphoneTest#CroissantMutant_OD_FPD_victim()', 'org.apache.commons.codec.binary.Base16InputStreamTest#CroissantMutant_OD_FPD_victim()', 'org.apache.commons.codec.binary.StringUtilsTest#CroissantMutant_OD_FPD_victim()', 'org.apache.commons.codec.net.RFC1522CodecTest#CroissantMutant_OD_FPD_victim()', 'org.apache.commons.codec.language.RefinedSoundexTest#CroissantMutant_OD_FPD_victim()', 'org.apache.commons.codec.binary.Base32OutputStreamTest#CroissantMutant_OD_FPD_victim()', 'org.apache.commons.codec.binary.Base16Test#CroissantMutant_OD_FPD_victim()', 'org.apache.commons.codec.EncoderExceptionTest#CroissantMutant_OD_FPD_victim()', 'org.apache.commons.codec.binary.Base64Codec13Test#CroissantMutant_OD_FPD_victim()', 'org.apache.commons.codec.net.QuotedPrintableCodecTest#CroissantMutant_OD_FPD_victim()', 'org.apache.commons.codec.CharEncodingTest#CroissantMutant_OD_FPD_victim()', 'org.apache.commons.codec.digest.Sha2CryptTest#CroissantMutant_OD_FPD_victim()', 'org.apache.commons.codec.language.NysiisTest#CroissantMutant_OD_FPD_victim()', 'org.apache.commons.codec.StringEncoderComparatorTest#CroissantMutant_OD_FPD_victim()']",10
commons-codec,9e0ae7e70108627aebec2306171055b60e788dcb,342d71bdcc1e18e869a72cebed19e0eaeedc230b,BUILD SUCCESS,15:07,14,"['org.apache.commons.codec.language.DoubleMetaphoneTest#CroissantMutant_OD_FPD_victim()', 'org.apache.commons.codec.binary.HexTest#CroissantMutant_OD_FPD_victim()', 'org.apache.commons.codec.binary.AllocateDirectHexTest#CroissantMutant_OD_FPD_victim()', 'org.apache.commons.codec.language.MetaphoneTest#CroissantMutant_OD_FPD_victim()', 'org.apache.commons.codec.binary.Base16InputStreamTest#CroissantMutant_OD_FPD_victim()', 'org.apache.commons.codec.binary.StringUtilsTest#CroissantMutant_OD_FPD_victim()', 'org.apache.commons.codec.binary.Base32OutputStreamTest#CroissantMutant_OD_FPD_victim()', 'org.apache.commons.codec.binary.Base16Test#CroissantMutant_OD_FPD_victim()', 'org.apache.commons.codec.EncoderExceptionTest#CroissantMutant_OD_FPD_victim()', 'org.apache.commons.codec.binary.Base64Codec13Test#CroissantMutant_OD_FPD_victim()', 'org.apache.commons.codec.net.QuotedPrintableCodecTest#CroissantMutant_OD_FPD_victim()', 'org.apache.commons.codec.digest.Sha2CryptTest#CroissantMutant_OD_FPD_victim()', 'org.apache.commons.codec.language.NysiisTest#CroissantMutant_OD_FPD_victim()', 'org.apache.commons.codec.StringEncoderComparatorTest#CroissantMutant_OD_FPD_victim()']",20
commons-codec,9e0ae7e70108627aebec2306171055b60e788dcb,342d71bdcc1e18e869a72cebed19e0eaeedc230b,BUILD SUCCESS,14:57,11,"['org.apache.commons.codec.language.DoubleMetaphoneTest#CroissantMutant_OD_FPD_victim()', 'org.apache.commons.codec.binary.HexTest#CroissantMutant_OD_FPD_victim()', 'org.apache.commons.codec.binary.AllocateDirectHexTest#CroissantMutant_OD_FPD_victim()', 'org.apache.commons.codec.language.MetaphoneTest#CroissantMutant_OD_FPD_victim()', 'org.apache.commons.codec.binary.Base16InputStreamTest#CroissantMutant_OD_FPD_victim()', 'org.apache.commons.codec.binary.StringUtilsTest#CroissantMutant_OD_FPD_victim()', 'org.apache.commons.codec.binary.Base32OutputStreamTest#CroissantMutant_OD_FPD_victim()', 'org.apache.commons.codec.binary.Base16Test#CroissantMutant_OD_FPD_victim()', 'org.apache.commons.codec.binary.Base64Codec13Test#CroissantMutant_OD_FPD_victim()', 'org.apache.commons.codec.net.QuotedPrintableCodecTest#CroissantMutant_OD_FPD_victim()', 'org.apache.commons.codec.language.NysiisTest#CroissantMutant_OD_FPD_victim()']",30
commons-codec,9e0ae7e70108627aebec2306171055b60e788dcb,342d71bdcc1e18e869a72cebed19e0eaeedc230b,BUILD SUCCESS,14:56,11,"['org.apache.commons.codec.language.DoubleMetaphoneTest#CroissantMutant_OD_FPD_victim()', 'org.apache.commons.codec.binary.HexTest#CroissantMutant_OD_FPD_victim()', 'org.apache.commons.codec.binary.AllocateDirectHexTest#CroissantMutant_OD_FPD_victim()', 'org.apache.commons.codec.language.MetaphoneTest#CroissantMutant_OD_FPD_victim()', 'org.apache.commons.codec.binary.Base16InputStreamTest#CroissantMutant_OD_FPD_victim()', 'org.apache.commons.codec.binary.StringUtilsTest#CroissantMutant_OD_FPD_victim()', 'org.apache.commons.codec.binary.Base32OutputStreamTest#CroissantMutant_OD_FPD_victim()', 'org.apache.commons.codec.binary.Base16Test#CroissantMutant_OD_FPD_victim()', 'org.apache.commons.codec.binary.Base64Codec13Test#CroissantMutant_OD_FPD_victim()', 'org.apache.commons.codec.net.QuotedPrintableCodecTest#CroissantMutant_OD_FPD_victim()', 'org.apache.commons.codec.language.NysiisTest#CroissantMutant_OD_FPD_victim()']",35
commons-codec,9e0ae7e70108627aebec2306171055b60e788dcb,342d71bdcc1e18e869a72cebed19e0eaeedc230b,BUILD SUCCESS,14:57,11,"['org.apache.commons.codec.language.DoubleMetaphoneTest#CroissantMutant_OD_FPD_victim()', 'org.apache.commons.codec.binary.HexTest#CroissantMutant_OD_FPD_victim()', 'org.apache.commons.codec.binary.AllocateDirectHexTest#CroissantMutant_OD_FPD_victim()', 'org.apache.commons.codec.language.MetaphoneTest#CroissantMutant_OD_FPD_victim()', 'org.apache.commons.codec.binary.Base16InputStreamTest#CroissantMutant_OD_FPD_victim()', 'org.apache.commons.codec.binary.StringUtilsTest#CroissantMutant_OD_FPD_victim()', 'org.apache.commons.codec.binary.Base32OutputStreamTest#CroissantMutant_OD_FPD_victim()', 'org.apache.commons.codec.binary.Base16Test#CroissantMutant_OD_FPD_victim()', 'org.apache.commons.codec.binary.Base64Codec13Test#CroissantMutant_OD_FPD_victim()', 'org.apache.commons.codec.net.QuotedPrintableCodecTest#CroissantMutant_OD_FPD_victim()', 'org.apache.commons.codec.language.NysiisTest#CroissantMutant_OD_FPD_victim()']",40
commons-codec,9e0ae7e70108627aebec2306171055b60e788dcb,342d71bdcc1e18e869a72cebed19e0eaeedc230b,BUILD SUCCESS,15:00,10,"['org.apache.commons.codec.language.DoubleMetaphoneTest#CroissantMutant_OD_FPD_victim()', 'org.apache.commons.codec.binary.HexTest#CroissantMutant_OD_FPD_victim()', 'org.apache.commons.codec.binary.AllocateDirectHexTest#CroissantMutant_OD_FPD_victim()', 'org.apache.commons.codec.language.MetaphoneTest#CroissantMutant_OD_FPD_victim()', 'org.apache.commons.codec.binary.Base16InputStreamTest#CroissantMutant_OD_FPD_victim()', 'org.apache.commons.codec.binary.StringUtilsTest#CroissantMutant_OD_FPD_victim()', 'org.apache.commons.codec.binary.Base32OutputStreamTest#CroissantMutant_OD_FPD_victim()', 'org.apache.commons.codec.binary.Base16Test#CroissantMutant_OD_FPD_victim()', 'org.apache.commons.codec.binary.Base64Codec13Test#CroissantMutant_OD_FPD_victim()', 'org.apache.commons.codec.language.NysiisTest#CroissantMutant_OD_FPD_victim()']",45
commons-codec,9e0ae7e70108627aebec2306171055b60e788dcb,342d71bdcc1e18e869a72cebed19e0eaeedc230b,BUILD SUCCESS,14:57,9,"['org.apache.commons.codec.language.DoubleMetaphoneTest#CroissantMutant_OD_FPD_victim()', 'org.apache.commons.codec.binary.HexTest#CroissantMutant_OD_FPD_victim()', 'org.apache.commons.codec.binary.AllocateDirectHexTest#CroissantMutant_OD_FPD_victim()', 'org.apache.commons.codec.language.MetaphoneTest#CroissantMutant_OD_FPD_victim()', 'org.apache.commons.codec.binary.Base16InputStreamTest#CroissantMutant_OD_FPD_victim()', 'org.apache.commons.codec.binary.StringUtilsTest#CroissantMutant_OD_FPD_victim()', 'org.apache.commons.codec.binary.Base32OutputStreamTest#CroissantMutant_OD_FPD_victim()', 'org.apache.commons.codec.binary.Base16Test#CroissantMutant_OD_FPD_victim()', 'org.apache.commons.codec.language.NysiisTest#CroissantMutant_OD_FPD_victim()']",50
commons-codec,9e0ae7e70108627aebec2306171055b60e788dcb,342d71bdcc1e18e869a72cebed19e0eaeedc230b,BUILD SUCCESS,14:51,56,"['org.apache.commons.codec.language.ColognePhoneticTest#CroissantMutant_OD_FPD_victim()', 'org.apache.commons.codec.digest.XXHash32OverflowTest#CroissantMutant_OD_FPD_victim()', 'org.apache.commons.codec.binary.Base64Test#CroissantMutant_OD_FPD_victim()', 'org.apache.commons.codec.net.RFC1522CodecTest#CroissantMutant_OD_FPD_victim()', 'org.apache.commons.codec.DecoderExceptionTest#CroissantMutant_OD_FPD_victim()', 'org.apache.commons.codec.language.bm.RuleTest#CroissantMutant_OD_FPD_victim()', 'org.apache.commons.codec.digest.PureJavaCrc32CTest#CroissantMutant_OD_FPD_victim()', 'org.apache.commons.codec.digest.Sha256CryptTest#CroissantMutant_OD_FPD_victim()', 'org.apache.commons.codec.language.RefinedSoundexTest#CroissantMutant_OD_FPD_victim()', 'org.apache.commons.codec.net.QuotedPrintableCodecTest#CroissantMutant_OD_FPD_victim()', 'org.apache.commons.codec.binary.Base16Test#CroissantMutant_OD_FPD_victim()', 'org.apache.commons.codec.language.DaitchMokotoffSoundexTest#CroissantMutant_OD_FPD_victim()', 'org.apache.commons.codec.digest.MurmurHash2Test#CroissantMutant_OD_FPD_victim()', 'org.apache.commons.codec.language.Caverphone2Test#CroissantMutant_OD_FPD_victim()', 'org.apache.commons.codec.digest.DigestUtilsTest#CroissantMutant_OD_FPD_victim()', 'org.apache.commons.codec.language.DoubleMetaphone2Test#CroissantMutant_OD_FPD_victim()', 'org.apache.commons.codec.language.bm.PhoneticEngineRegressionTest#CroissantMutant_OD_FPD_victim()', 'org.apache.commons.codec.digest.Sha2CryptTest#CroissantMutant_OD_FPD_victim()', 'org.apache.commons.codec.digest.Blake3Test#CroissantMutant_OD_FPD_victim()', 'org.apache.commons.codec.language.bm.BeiderMorseEncoderTest#CroissantMutant_OD_FPD_victim()', 'org.apache.commons.codec.digest.PureJavaCrc32Test#CroissantMutant_OD_FPD_victim()', 'org.apache.commons.codec.language.MatchRatingApproachEncoderTest#CroissantMutant_OD_FPD_victim()', 'org.apache.commons.codec.binary.CharSequenceUtilsTest#CroissantMutant_OD_FPD_victim()', 'org.apache.commons.codec.digest.Md5CryptTest#CroissantMutant_OD_FPD_victim()', 'org.apache.commons.codec.binary.BaseNCodecTest#CroissantMutant_OD_FPD_victim()', 'org.apache.commons.codec.binary.Base32OutputStreamTest#CroissantMutant_OD_FPD_victim()', 'org.apache.commons.codec.language.SoundexTest#CroissantMutant_OD_FPD_victim()', 'org.apache.commons.codec.net.PercentCodecTest#CroissantMutant_OD_FPD_victim()', 'org.apache.commons.codec.digest.HmacUtilsTest#CroissantMutant_OD_FPD_victim()', 'org.apache.commons.codec.language.MetaphoneTest#CroissantMutant_OD_FPD_victim()', 'org.apache.commons.codec.digest.CryptTest#CroissantMutant_OD_FPD_victim()', 'org.apache.commons.codec.language.Caverphone1Test#CroissantMutant_OD_FPD_victim()', 'org.apache.commons.codec.binary.Base16InputStreamTest#CroissantMutant_OD_FPD_victim()', 'org.apache.commons.codec.digest.UnixCryptTest#CroissantMutant_OD_FPD_victim()', 'org.apache.commons.codec.binary.BinaryCodecTest#CroissantMutant_OD_FPD_victim()', 'org.apache.commons.codec.cli.DigestTest#CroissantMutant_OD_FPD_victim()', 'org.apache.commons.codec.binary.Base64OutputStreamTest#CroissantMutant_OD_FPD_victim()', 'org.apache.commons.codec.StringEncoderComparatorTest#CroissantMutant_OD_FPD_victim()', 'org.apache.commons.codec.net.UtilsTest#CroissantMutant_OD_FPD_victim()', 'org.apache.commons.codec.CharsetsTest#CroissantMutant_OD_FPD_victim()', 'org.apache.commons.codec.net.BCodecTest#CroissantMutant_OD_FPD_victim()', 'org.apache.commons.codec.binary.Base64Codec13Test#CroissantMutant_OD_FPD_victim()', 'org.apache.commons.codec.binary.Base32InputStreamTest#CroissantMutant_OD_FPD_victim()', 'org.apache.commons.codec.CharEncodingTest#CroissantMutant_OD_FPD_victim()', 'org.apache.commons.codec.binary.AllocateDirectHexTest#CroissantMutant_OD_FPD_victim()', 'org.apache.commons.codec.EncoderExceptionTest#CroissantMutant_OD_FPD_victim()', 'org.apache.commons.codec.binary.Base64InputStreamTest#CroissantMutant_OD_FPD_victim()', 'org.apache.commons.codec.digest.B64Test#CroissantMutant_OD_FPD_victim()', 'org.apache.commons.codec.digest.Sha512CryptTest#CroissantMutant_OD_FPD_victim()', 'org.apache.commons.codec.language.NysiisTest#CroissantMutant_OD_FPD_victim()', 'org.apache.commons.codec.binary.Base32Test#CroissantMutant_OD_FPD_victim()', 'org.apache.commons.codec.digest.Apr1CryptTest#CroissantMutant_OD_FPD_victim()', 'org.apache.commons.codec.net.QCodecTest#CroissantMutant_OD_FPD_victim()', 'org.apache.commons.codec.binary.HexTest#CroissantMutant_OD_FPD_victim()', 'org.apache.commons.codec.binary.Base16OutputStreamTest#CroissantMutant_OD_FPD_victim()', 'org.apache.commons.codec.binary.StringUtilsTest#CroissantMutant_OD_FPD_victim()']",0
commons-codec,9e0ae7e70108627aebec2306171055b60e788dcb,342d71bdcc1e18e869a72cebed19e0eaeedc230b,BUILD SUCCESS,15:15,29,"['org.apache.commons.codec.language.ColognePhoneticTest#CroissantMutant_OD_FPD_victim()', 'org.apache.commons.codec.digest.MurmurHash2Test#CroissantMutant_OD_FPD_victim()', 'org.apache.commons.codec.language.DoubleMetaphone2Test#CroissantMutant_OD_FPD_victim()', 'org.apache.commons.codec.binary.HexTest#CroissantMutant_OD_FPD_victim()', 'org.apache.commons.codec.digest.Blake3Test#CroissantMutant_OD_FPD_victim()', 'org.apache.commons.codec.binary.BaseNCodecTest#CroissantMutant_OD_FPD_victim()', 'org.apache.commons.codec.language.bm.RuleTest#CroissantMutant_OD_FPD_victim()', 'org.apache.commons.codec.digest.Sha256CryptTest#CroissantMutant_OD_FPD_victim()', 'org.apache.commons.codec.language.SoundexTest#CroissantMutant_OD_FPD_victim()', 'org.apache.commons.codec.language.DaitchMokotoffSoundexTest#CroissantMutant_OD_FPD_victim()', 'org.apache.commons.codec.digest.HmacUtilsTest#CroissantMutant_OD_FPD_victim()', 'org.apache.commons.codec.language.MetaphoneTest#CroissantMutant_OD_FPD_victim()', 'org.apache.commons.codec.digest.CryptTest#CroissantMutant_OD_FPD_victim()', 'org.apache.commons.codec.digest.UnixCryptTest#CroissantMutant_OD_FPD_victim()', 'org.apache.commons.codec.binary.BinaryCodecTest#CroissantMutant_OD_FPD_victim()', 'org.apache.commons.codec.binary.Base64OutputStreamTest#CroissantMutant_OD_FPD_victim()', 'org.apache.commons.codec.binary.CharSequenceUtilsTest#CroissantMutant_OD_FPD_victim()', 'org.apache.commons.codec.digest.Md5CryptTest#CroissantMutant_OD_FPD_victim()', 'org.apache.commons.codec.CharsetsTest#CroissantMutant_OD_FPD_victim()', 'org.apache.commons.codec.digest.XXHash32OverflowTest#CroissantMutant_OD_FPD_victim()', 'org.apache.commons.codec.DecoderExceptionTest#CroissantMutant_OD_FPD_victim()', 'org.apache.commons.codec.digest.PureJavaCrc32CTest#CroissantMutant_OD_FPD_victim()', 'org.apache.commons.codec.CharEncodingTest#CroissantMutant_OD_FPD_victim()', 'org.apache.commons.codec.digest.Sha2CryptTest#CroissantMutant_OD_FPD_victim()', 'org.apache.commons.codec.net.BCodecTest#CroissantMutant_OD_FPD_victim()', 'org.apache.commons.codec.language.RefinedSoundexTest#CroissantMutant_OD_FPD_victim()', 'org.apache.commons.codec.binary.Base32InputStreamTest#CroissantMutant_OD_FPD_victim()', 'org.apache.commons.codec.digest.DigestUtilsTest#CroissantMutant_OD_FPD_victim()', 'org.apache.commons.codec.binary.AllocateDirectHexTest#CroissantMutant_OD_FPD_victim()']",10
commons-codec,9e0ae7e70108627aebec2306171055b60e788dcb,342d71bdcc1e18e869a72cebed19e0eaeedc230b,BUILD SUCCESS,16:45,18,"['org.apache.commons.codec.language.ColognePhoneticTest#CroissantMutant_OD_FPD_victim()', 'org.apache.commons.codec.language.DoubleMetaphone2Test#CroissantMutant_OD_FPD_victim()', 'org.apache.commons.codec.binary.HexTest#CroissantMutant_OD_FPD_victim()', 'org.apache.commons.codec.binary.BaseNCodecTest#CroissantMutant_OD_FPD_victim()', 'org.apache.commons.codec.digest.Sha256CryptTest#CroissantMutant_OD_FPD_victim()', 'org.apache.commons.codec.language.DaitchMokotoffSoundexTest#CroissantMutant_OD_FPD_victim()', 'org.apache.commons.codec.digest.HmacUtilsTest#CroissantMutant_OD_FPD_victim()', 'org.apache.commons.codec.binary.BinaryCodecTest#CroissantMutant_OD_FPD_victim()', 'org.apache.commons.codec.binary.CharSequenceUtilsTest#CroissantMutant_OD_FPD_victim()', 'org.apache.commons.codec.digest.Md5CryptTest#CroissantMutant_OD_FPD_victim()', 'org.apache.commons.codec.digest.XXHash32OverflowTest#CroissantMutant_OD_FPD_victim()', 'org.apache.commons.codec.digest.PureJavaCrc32CTest#CroissantMutant_OD_FPD_victim()', 'org.apache.commons.codec.CharsetsTest#CroissantMutant_OD_FPD_victim()', 'org.apache.commons.codec.language.SoundexTest#CroissantMutant_OD_FPD_victim()', 'org.apache.commons.codec.CharEncodingTest#CroissantMutant_OD_FPD_victim()', 'org.apache.commons.codec.language.RefinedSoundexTest#CroissantMutant_OD_FPD_victim()', 'org.apache.commons.codec.language.MetaphoneTest#CroissantMutant_OD_FPD_victim()', 'org.apache.commons.codec.digest.MurmurHash2Test#CroissantMutant_OD_FPD_victim()']",20
commons-codec,9e0ae7e70108627aebec2306171055b60e788dcb,342d71bdcc1e18e869a72cebed19e0eaeedc230b,BUILD SUCCESS,16:25,11,"['org.apache.commons.codec.language.ColognePhoneticTest#CroissantMutant_OD_FPD_victim()', 'org.apache.commons.codec.binary.HexTest#CroissantMutant_OD_FPD_victim()', 'org.apache.commons.codec.binary.BaseNCodecTest#CroissantMutant_OD_FPD_victim()', 'org.apache.commons.codec.digest.Sha256CryptTest#CroissantMutant_OD_FPD_victim()', 'org.apache.commons.codec.language.DaitchMokotoffSoundexTest#CroissantMutant_OD_FPD_victim()', 'org.apache.commons.codec.binary.CharSequenceUtilsTest#CroissantMutant_OD_FPD_victim()', 'org.apache.commons.codec.binary.Base32OutputStreamTest#CroissantMutant_OD_FPD_victim()', 'org.apache.commons.codec.digest.B64Test#CroissantMutant_OD_FPD_victim()', 'org.apache.commons.codec.language.Caverphone1Test#CroissantMutant_OD_FPD_victim()', 'org.apache.commons.codec.CharsetsTest#CroissantMutant_OD_FPD_victim()', 'org.apache.commons.codec.language.SoundexTest#CroissantMutant_OD_FPD_victim()']",30
commons-codec,9e0ae7e70108627aebec2306171055b60e788dcb,342d71bdcc1e18e869a72cebed19e0eaeedc230b,BUILD SUCCESS,16:23,10,"['org.apache.commons.codec.language.ColognePhoneticTest#CroissantMutant_OD_FPD_victim()', 'org.apache.commons.codec.binary.HexTest#CroissantMutant_OD_FPD_victim()', 'org.apache.commons.codec.binary.BaseNCodecTest#CroissantMutant_OD_FPD_victim()', 'org.apache.commons.codec.language.DaitchMokotoffSoundexTest#CroissantMutant_OD_FPD_victim()', 'org.apache.commons.codec.binary.CharSequenceUtilsTest#CroissantMutant_OD_FPD_victim()', 'org.apache.commons.codec.binary.Base32OutputStreamTest#CroissantMutant_OD_FPD_victim()', 'org.apache.commons.codec.digest.B64Test#CroissantMutant_OD_FPD_victim()', 'org.apache.commons.codec.language.Caverphone1Test#CroissantMutant_OD_FPD_victim()', 'org.apache.commons.codec.CharsetsTest#CroissantMutant_OD_FPD_victim()', 'org.apache.commons.codec.language.SoundexTest#CroissantMutant_OD_FPD_victim()']",35
commons-codec,9e0ae7e70108627aebec2306171055b60e788dcb,342d71bdcc1e18e869a72cebed19e0eaeedc230b,BUILD SUCCESS,15:59,10,"['org.apache.commons.codec.language.ColognePhoneticTest#CroissantMutant_OD_FPD_victim()', 'org.apache.commons.codec.binary.HexTest#CroissantMutant_OD_FPD_victim()', 'org.apache.commons.codec.language.DaitchMokotoffSoundexTest#CroissantMutant_OD_FPD_victim()', 'org.apache.commons.codec.binary.CharSequenceUtilsTest#CroissantMutant_OD_FPD_victim()', 'org.apache.commons.codec.binary.Base32OutputStreamTest#CroissantMutant_OD_FPD_victim()', 'org.apache.commons.codec.digest.B64Test#CroissantMutant_OD_FPD_victim()', 'org.apache.commons.codec.language.Caverphone1Test#CroissantMutant_OD_FPD_victim()', 'org.apache.commons.codec.CharsetsTest#CroissantMutant_OD_FPD_victim()', 'org.apache.commons.codec.binary.BaseNCodecTest#CroissantMutant_OD_FPD_victim()', 'org.apache.commons.codec.language.SoundexTest#CroissantMutant_OD_FPD_victim()']",40
commons-codec,9e0ae7e70108627aebec2306171055b60e788dcb,342d71bdcc1e18e869a72cebed19e0eaeedc230b,BUILD SUCCESS,15:51,9,"['org.apache.commons.codec.language.ColognePhoneticTest#CroissantMutant_OD_FPD_victim()', 'org.apache.commons.codec.binary.HexTest#CroissantMutant_OD_FPD_victim()', 'org.apache.commons.codec.language.DaitchMokotoffSoundexTest#CroissantMutant_OD_FPD_victim()', 'org.apache.commons.codec.binary.CharSequenceUtilsTest#CroissantMutant_OD_FPD_victim()', 'org.apache.commons.codec.binary.Base32OutputStreamTest#CroissantMutant_OD_FPD_victim()', 'org.apache.commons.codec.digest.B64Test#CroissantMutant_OD_FPD_victim()', 'org.apache.commons.codec.language.Caverphone1Test#CroissantMutant_OD_FPD_victim()', 'org.apache.commons.codec.CharsetsTest#CroissantMutant_OD_FPD_victim()', 'org.apache.commons.codec.language.SoundexTest#CroissantMutant_OD_FPD_victim()']",45
commons-codec,9e0ae7e70108627aebec2306171055b60e788dcb,342d71bdcc1e18e869a72cebed19e0eaeedc230b,BUILD SUCCESS,15:36,9,"['org.apache.commons.codec.language.ColognePhoneticTest#CroissantMutant_OD_FPD_victim()', 'org.apache.commons.codec.binary.HexTest#CroissantMutant_OD_FPD_victim()', 'org.apache.commons.codec.language.DaitchMokotoffSoundexTest#CroissantMutant_OD_FPD_victim()', 'org.apache.commons.codec.binary.CharSequenceUtilsTest#CroissantMutant_OD_FPD_victim()', 'org.apache.commons.codec.binary.Base32OutputStreamTest#CroissantMutant_OD_FPD_victim()', 'org.apache.commons.codec.digest.B64Test#CroissantMutant_OD_FPD_victim()', 'org.apache.commons.codec.language.Caverphone1Test#CroissantMutant_OD_FPD_victim()', 'org.apache.commons.codec.CharsetsTest#CroissantMutant_OD_FPD_victim()', 'org.apache.commons.codec.language.SoundexTest#CroissantMutant_OD_FPD_victim()']",50
